{
  "project_info": {
    "project_number": "203970552808",
    "firebase_url": "https://mk-rtdb.firebaseio.com",
    "project_id": "mk-rtdb",
    "storage_bucket": "mk-rtdb.appspot.com"
  },
  "client": [
    {
      "client_info": {
        "mobilesdk_app_id": "1:203970552808:android:8acfcb6be03ee312",
        "android_client_info": {
          "package_name": "com.mk.firebasertdb"
        }
      },
      "oauth_client": [
        {
          "client_id": "203970552808-ilkdmcd76jb7m7sbhrtujknuc96nv1kp.apps.googleusercontent.com",
          "client_type": 1,
          "android_info": {
            "package_name": "com.mk.firebasertdb",
            "certificate_hash": "7fa7b6e600d0ae7d77d54a1cf562df2549a0354a"
          }
        },
        {
          "client_id": "203970552808-v9vie83s08bcifdsj2m3ubbd833mq5a9.apps.googleusercontent.com",
          "client_type": 3
        }
      ],
      "api_key": [
        {
          "current_key": "AIzaSyCKERYfO1VlLcFevDypcKwVxjvYQh0snKQ"
        }
      ],
      "services": {
        "appinvite_service": {
          "other_platform_oauth_client": [
            {
              "client_id": "203970552808-v9vie83s08bcifdsj2m3ubbd833mq5a9.apps.googleusercontent.com",
              "client_type": 3
            }
          ]
        }
      }
    }
  ],
  "configuration_version": "1"
}